{
	"code": "200",
	"max": "0",
	"con": "0",
	"data": [
		{
			"type": "1",
			"wishName": "向小红",
			"wishface": "http://192.168.1.149/static/m/images/gift/132.jpg",
			"gift_name": "搓衣板",
			"wishContent": "百年好合，早生贵子！！！",
			"gift_img": "http://qnm.hunliji.com/o_1c7pvgbu41baf1fh511ou82sdo05d.png",
			"repley": [
				{
					"replyface": "http://img2.imgtn.bdimg.com/it/u=2670350667,3820238325&fm=26&gp=0.jpg",
					"replyContent": "谢谢亲爱的，你是最棒的，欢迎光临，一定要来！！！！！"
				}
			]
		},
		{
			"type": "2",
			"wishName": "猪八戒",
			"wishface": "https://ss0.bdstatic.com/70cFvHSh_Q1YnxGkpoWK1HF6hhy/it/u=2040473605,61100519&fm=26&gp=0.jpg",
			"gift_name": "百合花",
			"wishContent": "百年好合",
			"gift_img": "http://qnm.hunliji.com/o_1br6o8uta1d3uq5u1i181usr1o4cn.png",
			"repley": [
				{
					"replyface": "http://img2.imgtn.bdimg.com/it/u=2670350667,3820238325&fm=26&gp=0.jpg",
					"replyContent": "非常感谢哈，欢迎光临!"
				}
			]
		},
		{
			"type": "1",
			"wishName": "张山峰",
			"wishface": "http://192.168.1.149/static/m/images/gift/132.jpg",
			"gift_name": "跑车",
			"wishContent": "百年好合",
			"gift_img": "http://qnm.hunliji.com/o_1c7pvgmpm1573t9ciat12nl1jn360.png"
		},
		{
			"type": "1",
			"wishName": "向小红",
			"wishface": "https://ss3.bdstatic.com/70cFv8Sh_Q1YnxGkpoWK1HF6hhy/it/u=253533285,209720784&fm=27&gp=0.jpg",
			"gift_name": "搓衣板2",
			"wishContent": "百年好合",
			"gift_img": "http://qnm.hunliji.com/o_1c7pvgbu41baf1fh511ou82sdo05d.png"
		},
		{
			"type": "2",
			"wishName": "孙悟空",
			"wishface": "http://192.168.1.149/static/m/images/gift/132.jpg",
			"gift_name": "",
			"wishContent": "祝新婚快乐，百年好合！！！",
			"gift_img": ""
		},
		{
			"type": "2",
			"wishName": "张山峰",
			"wishface": "http://192.168.1.149/static/m/images/gift/132.jpg",
			"gift_name": "",
			"wishContent": "祝新婚快乐！！！",
			"gift_img": "",
			"repley": [
				{
					"replyface": "http://img2.imgtn.bdimg.com/it/u=2670350667,3820238325&fm=26&gp=0.jpg",
					"replyContent": "很高兴收到你的祝福，谢谢!"
				}
			]
		},
		{
			"type": "2",
			"wishName": "赵敏",
			"wishface": "http://192.168.1.149/static/m/images/gift/132.jpg",
			"gift_name": "",
			"wishContent": "百年好合！！！",
			"gift_img": ""
		},
		{
			"type": "2",
			"wishName": "六小龄童",
			"wishface": "http://192.168.1.149/static/m/images/gift/132.jpg",
			"gift_name": "",
			"wishContent": "祝新婚快乐，百年好合！！！",
			"gift_img": ""
		},
		{
			"type": "2",
			"wishName": "张山丰",
			"wishface": "http://192.168.1.149/static/m/images/gift/132.jpg",
			"gift_name": "",
			"wishContent": "祝新婚快乐！！！",
			"gift_img": ""
		},
		{
			"type": "2",
			"wishName": "乔峰",
			"wishface": "http://192.168.1.149/static/m/images/gift/132.jpg",
			"gift_name": "",
			"wishContent": "百年好合！！！",
			"gift_img": ""
		},
		{
			"type": "1",
			"wishName": "猪八戒",
			"wishface": "https://ss0.bdstatic.com/70cFvHSh_Q1YnxGkpoWK1HF6hhy/it/u=2040473605,61100519&fm=26&gp=0.jpg",
			"gift_name": "百合花",
			"wishContent": "百年好合",
			"gift_img": "http://qnm.hunliji.com/o_1br6o8uta1d3uq5u1i181usr1o4cn.png",
			"repley": [
				{
					"replyface": "http://img2.imgtn.bdimg.com/it/u=2670350667,3820238325&fm=26&gp=0.jpg",
					"replyContent": "非常感谢哈，欢迎光临!"
				}
			]
		},
		{
			"type": "1",
			"wishName": "向小红",
			"wishface": "https://ss3.bdstatic.com/70cFv8Sh_Q1YnxGkpoWK1HF6hhy/it/u=253533285,209720784&fm=27&gp=0.jpg",
			"gift_name": "搓衣板2",
			"wishContent": "百年好合",
			"gift_img": "http://qnm.hunliji.com/o_1c7pvgbu41baf1fh511ou82sdo05d.png"
		},
		{
			"type": "2",
			"wishName": "孙悟空",
			"wishface": "http://192.168.1.149/static/m/images/gift/132.jpg",
			"gift_name": "",
			"wishContent": "祝新婚快乐，百年好合！！！",
			"gift_img": ""
		},
		{
			"type": "2",
			"wishName": "张山峰",
			"wishface": "http://192.168.1.149/static/m/images/gift/132.jpg",
			"gift_name": "",
			"wishContent": "祝新婚快乐！！！",
			"gift_img": "",
			"repley": [
				{
					"replyface": "http://img2.imgtn.bdimg.com/it/u=2670350667,3820238325&fm=26&gp=0.jpg",
					"replyContent": "很高兴收到你的祝福，谢谢!"
				}
			]
		},
		{
			"type": "2",
			"wishName": "赵敏",
			"wishface": "http://192.168.1.149/static/m/images/gift/132.jpg",
			"gift_name": "",
			"wishContent": "百年好合！！！",
			"gift_img": ""
		},
		{
			"type": "2",
			"wishName": "六小龄童",
			"wishface": "http://192.168.1.149/static/m/images/gift/132.jpg",
			"gift_name": "",
			"wishContent": "祝新婚快乐，百年好合！！！",
			"gift_img": ""
		},
		{
			"type": "2",
			"wishName": "张山丰",
			"wishface": "http://192.168.1.149/static/m/images/gift/132.jpg",
			"gift_name": "",
			"wishContent": "祝新婚快乐！！！",
			"gift_img": ""
		},
		{
			"type": "2",
			"wishName": "乔峰",
			"wishface": "http://192.168.1.149/static/m/images/gift/132.jpg",
			"gift_name": "",
			"wishContent": "百年好合！！！",
			"gift_img": ""
		},
		{
			"type": "1",
			"wishName": "猪八戒",
			"wishface": "https://ss0.bdstatic.com/70cFvHSh_Q1YnxGkpoWK1HF6hhy/it/u=2040473605,61100519&fm=26&gp=0.jpg",
			"gift_name": "百合花",
			"wishContent": "百年好合",
			"gift_img": "http://qnm.hunliji.com/o_1br6o8uta1d3uq5u1i181usr1o4cn.png",
			"repley": [
				{
					"replyface": "http://img2.imgtn.bdimg.com/it/u=2670350667,3820238325&fm=26&gp=0.jpg",
					"replyContent": "非常感谢哈，欢迎光临!"
				}
			]
		},
		{
			"type": "1",
			"wishName": "向小红",
			"wishface": "https://ss3.bdstatic.com/70cFv8Sh_Q1YnxGkpoWK1HF6hhy/it/u=253533285,209720784&fm=27&gp=0.jpg",
			"gift_name": "搓衣板2",
			"wishContent": "百年好合",
			"gift_img": "http://qnm.hunliji.com/o_1c7pvgbu41baf1fh511ou82sdo05d.png"
		},
		{
			"type": "2",
			"wishName": "孙悟空",
			"wishface": "http://192.168.1.149/static/m/images/gift/132.jpg",
			"gift_name": "",
			"wishContent": "祝新婚快乐，百年好合！！！",
			"gift_img": ""
		},
		{
			"type": "2",
			"wishName": "张山峰",
			"wishface": "http://192.168.1.149/static/m/images/gift/132.jpg",
			"gift_name": "",
			"wishContent": "祝新婚快乐！！！",
			"gift_img": "",
			"repley": [
				{
					"replyface": "http://img2.imgtn.bdimg.com/it/u=2670350667,3820238325&fm=26&gp=0.jpg",
					"replyContent": "很高兴收到你的祝福，谢谢!"
				}
			]
		},
		{
			"type": "2",
			"wishName": "赵敏",
			"wishface": "http://192.168.1.149/static/m/images/gift/132.jpg",
			"gift_name": "",
			"wishContent": "百年好合！！！",
			"gift_img": ""
		},
		{
			"type": "2",
			"wishName": "六小龄童",
			"wishface": "http://192.168.1.149/static/m/images/gift/132.jpg",
			"gift_name": "",
			"wishContent": "祝新婚快乐，百年好合！！！",
			"gift_img": ""
		},
		{
			"type": "2",
			"wishName": "张山丰",
			"wishface": "http://192.168.1.149/static/m/images/gift/132.jpg",
			"gift_name": "",
			"wishContent": "祝新婚快乐！！！",
			"gift_img": ""
		},
		{
			"type": "2",
			"wishName": "乔峰",
			"wishface": "http://192.168.1.149/static/m/images/gift/132.jpg",
			"gift_name": "",
			"wishContent": "百年好合！！！",
			"gift_img": ""
		},
		{
			"type": "1",
			"wishName": "猪八戒",
			"wishface": "https://ss0.bdstatic.com/70cFvHSh_Q1YnxGkpoWK1HF6hhy/it/u=2040473605,61100519&fm=26&gp=0.jpg",
			"gift_name": "百合花",
			"wishContent": "百年好合",
			"gift_img": "http://qnm.hunliji.com/o_1br6o8uta1d3uq5u1i181usr1o4cn.png",
			"repley": [
				{
					"replyface": "http://img2.imgtn.bdimg.com/it/u=2670350667,3820238325&fm=26&gp=0.jpg",
					"replyContent": "非常感谢哈，欢迎光临!"
				}
			]
		},
		{
			"type": "1",
			"wishName": "张山峰",
			"wishface": "http://192.168.1.149/static/m/images/gift/132.jpg",
			"gift_name": "跑车",
			"wishContent": "百年好合",
			"gift_img": "http://qnm.hunliji.com/o_1c7pvgmpm1573t9ciat12nl1jn360.png"
		},
		{
			"type": "1",
			"wishName": "向小红",
			"wishface": "https://ss3.bdstatic.com/70cFv8Sh_Q1YnxGkpoWK1HF6hhy/it/u=253533285,209720784&fm=27&gp=0.jpg",
			"gift_name": "搓衣板2",
			"wishContent": "百年好合",
			"gift_img": "http://qnm.hunliji.com/o_1c7pvgbu41baf1fh511ou82sdo05d.png"
		},
		{
			"type": "2",
			"wishName": "孙悟空",
			"wishface": "http://192.168.1.149/static/m/images/gift/132.jpg",
			"gift_name": "",
			"wishContent": "祝新婚快乐，百年好合！！！",
			"gift_img": ""
		},
		{
			"type": "2",
			"wishName": "张山峰",
			"wishface": "http://192.168.1.149/static/m/images/gift/132.jpg",
			"gift_name": "",
			"wishContent": "祝新婚快乐！！！",
			"gift_img": "",
			"repley": [
				{
					"replyface": "http://img2.imgtn.bdimg.com/it/u=2670350667,3820238325&fm=26&gp=0.jpg",
					"replyContent": "很高兴收到你的祝福，谢谢!"
				}
			]
		},
		{
			"type": "2",
			"wishName": "赵敏",
			"wishface": "http://192.168.1.149/static/m/images/gift/132.jpg",
			"gift_name": "",
			"wishContent": "百年好合！！！",
			"gift_img": ""
		},
		{
			"type": "2",
			"wishName": "六小龄童",
			"wishface": "http://192.168.1.149/static/m/images/gift/132.jpg",
			"gift_name": "",
			"wishContent": "祝新婚快乐，百年好合！！！",
			"gift_img": ""
		},
		{
			"type": "2",
			"wishName": "张山丰",
			"wishface": "http://192.168.1.149/static/m/images/gift/132.jpg",
			"gift_name": "",
			"wishContent": "祝新婚快乐！！！",
			"gift_img": ""
		},
		{
			"type": "2",
			"wishName": "乔峰",
			"wishface": "http://192.168.1.149/static/m/images/gift/132.jpg",
			"gift_name": "",
			"wishContent": "百年好合！！！",
			"gift_img": ""
		}
	]
}